[ {
    "jobID": "1234",
    "timestamp":"",
    "messageType": "Data",
    "sourceID":"4",
    "event": { "OntologyRequest" :{ 
    	"operationName": "getsoss"}
    	},
    "crc":1234567
},
{
    "jobID": "1234",
    "timestamp":"",
    "messageType": "Data",
    "sourceID":"4",
    "event": { "OntologyRequest" :{ 
    	"operationName": "getdevices",
    	"sosId" : "4" }
    	},
    "crc":1234567
},{
    "jobID": "1234",
    "timestamp":"",
    "messageType": "Data",
    "sourceID":"4",
    "event": { "OntologyRequest" :{ 
    	"operationName": "getcomponents",
    	"sosId" : "4",
    	"deviceId" : "1" }
    	},
    "crc":1234567
},{
    "jobID": "1234",
    "timestamp":"",
    "messageType": "Data",
    "sourceID":"4",
    "event": { "OntologyRequest" :{ 
    	"operationName": "getskills",
    	"sosId" : "4",
    	"deviceId" : "1",
    	"componentId" : "1" }
    	},
    "crc":1234567
}
,{
    "jobID": "1234",
    "timestamp":"",
    "messageType": "Data",
    "sourceID":"4",
    "event": { "OntologyRequest" :{ 
    	"operationName": "getrules",
    	"sosId" : "4",
    	"deviceId" : "1",
    	"componentId" : "1",
    	"skillId":"" }
    	},
    "crc":1234567
},
{
    "jobID": "1234",
    "timestamp":"",
    "messageType": "Data",
    "sourceID":"4",
    "event": { "OntologyRequest" :{ 
    	"operationName": "getrules",
    	"sosId" : "4",
    	"deviceId" : "1",
    	"componentId" : "1",
    	"skillId":"" }
    	},
    "crc":1234567
}
]



