{
   "SoSs": [
      {
         "sosName": "SoS 1 Name",
         "description": "Description of SoS SoS 1 Name",
         "sosId": "1",
         "devices": [
            {
               "deviceName": "Device_1_1",
               "description": "Description of Device_1_1",
               "deviceId": "1",
               "components": [
                  {
                     "componentName": "Component_1_1_1",
                     "description": "Description of Component_1_1_1",
                     "componentId": "1",
                     "skills": [
                        {
                           "skillName": "Skill_1",
                           "description": "Description of Skill_1",
                           "skillId": "1",
                           "rules": [
                              {
                                 "ruleName": "Name of Rule 1",
                                 "description": "Description of Rule 1 and its parameters",
                                 "ruleId": "1",
                                 "ruleType": "Standard",
                                 "paremters": [
                                    {
                                       "#PARAMETR_1_Name": "par1Value",
                                       "#PARAMETR_2_Name": "par2Value"
                                    }
                                 ]
                              }
                           ]
                        }
                     ]
                  },
                  {
                     "componentName": "Component_1_1_2",
                     "description": "Description of Component_1_1_2",
                     "componentId": "2",
                     "skills": [
                        {
                           "skillName": "Skill_1_1_2_1",
                           "description": "Description of Skill_1_1_2_1",
                           "skillId": "1",
                           "rules": [
                              {
                                 "ruleName": "Name of Rule 1_2",
                                 "description": "Description of Rule 1_2",
                                 "ruleId": "1",
                                 "ruleType": "Standard",
                                 "paremters": [
                                    {
                                       "#PARAMETR_1_Name": "par1Value",
                                       "#PARAMETR_2_Name": "par2Value"
                                    }
                                 ]
                              }
                           ]
                        }
                     ]
                  },
                  {
                     "componentName": "Component_3",
                     "description": "Description of Component_3",
                     "componentId": "3",
                     "skills": [
                        {
                           "skillName": "Connectivity",
                           "description": "Description of Connectivity skill of Components_3",
                           "skillId": "1",
                           "rules": [
                              {
                                 "ruleName": "Maximum number of established simultaneous connections",
                                 "description": "This is a Standard Rule that allows monitoring the Maximum Number of of established simultaneous connections a Component should have.",
                                 "ruleId": "1",
                                 "ruleType": "Standard",
                                 "paremters": [
                                    {
                                       "#maximum_number": "",
                                       "#PROBE_ID": ""
                                    }
                                 ]
                              }
                           ]
                        }
                     ]
                  }
               ]
            },
            {
               "deviceName": "Device_2",
               "description": "Description of Device_2",
               "deviceId": "2",
               "components": [
                  {
                     "componentName": "Component_1_2_1",
                     "description": "Description of Component_1_2_1",
                     "componentId": "1",
                     "skills": [
                        {
                           "skillName": "Skill_1",
                           "description": "Description of Skill_1 of Component_1_2_1",
                           "skillId": "1",
                           "rules": [
                              {
                                 "ruleName": "Name of Rule 1",
                                 "description": "Description of Rule 1",
                                 "ruleId": "1",
                                 "ruleType": "Standard",
                                 "paremters": [
                                    {
                                       "#PARAMETR_1_Name": "par1Value",
                                       "#PARAMETR_2_Name": "par2Value"
                                    }
                                 ]
                              }
                           ]
                        }
                     ]
                  },
                  {
                     "componentName": "Component_1_2_2",
                     "description": "Description of Component_1_2_2",
                     "componentId": "2",
                     "skills": [
                        {
                           "skillName": "Skill_1_2",
                           "description": "Description of Skill_1_2 of Component_1_2_2",
                           "skillId": "1",
                           "rules": [
                              {
                                 "ruleName": "Name of Rule 1_2",
                                 "description": "Description of Rule 1_2",
                                 "ruleId": "1",
                                 "ruleType": "Standard",
                                 "paremters": [
                                    {
                                       "#PARAMETR_1_Name": "par1Value",
                                       "#PARAMETR_2_Name": "par2Value"
                                    }
                                 ]
                              }
                           ]
                        }
                     ]
                  },
                  {
                     "componentName": "Component_1_2_3",
                     "description": "Description of Component_1_2_3",
                     "componentId": "3",
                     "skills": [
                        {
                           "skillName": "Connectivity",
                           "description": "Description of Connectivity Skill of Component_1_2_3",
                           "skillId": "1",
                           "rules": [
                              {
                                 "ruleName": "Maximum number of established simultaneous connections",
                                 "description": "This is a Standard Rule that allows monitoring the Maximum Number of of established simultaneous connections a Component should have.",
                                 "ruleId": "1",
                                 "ruleType": "Standard",
                                 "paremters": [
                                    {
                                       "#maximum_number": "",
                                       "#PROBE_ID": ""
                                    }
                                 ]
                              },
                              {
                                 "ruleName": "Minimum number of established simultaneous connections",
                                 "description": "This is a Standard Rule that allows monitoring the Minimum Number of of established simultaneous connections a Component should have.",
                                 "ruleId": "2",
                                 "ruleType": "Standard",
                                 "paremters": [
                                    {
                                       "#minimum_number": "",
                                       "#PROBE_ID": ""
                                    }
                                 ]
                              }
                           ]
                        },
                        {
                           "skillName": "Connectivity",
                           "description": "Description of Connectivity 2 of Component_1_2_3",
                           "skillId": "2",
                           "rules": [
                              {
                                 "ruleName": "Maximum number of established simultaneous connections",
                                 "description": "This is a Standard Rule that allows monitoring the Maximum Number of of established simultaneous connections a Component should have.",
                                 "ruleId": "1",
                                 "ruleType": "Standard",
                                 "paremters": [
                                    {
                                       "#maximum_number": "",
                                       "#PROBE_ID": ""
                                    }
                                 ]
                              },
                              {
                                 "ruleName": "Minimum number of established simultaneous connections",
                                 "description": "This is a Standard Rule that allows monitoring the Minimum Number of of established simultaneous connections a Component should have.",
                                 "ruleId": "2",
                                 "ruleType": "Standard",
                                 "paremters": [
                                    {
                                       "#minimum_number": "",
                                       "#PROBE_ID": ""
                                    }
                                 ]
                              }
                           ]
                        },{
                           "skillName": "Sequence Execution",
                           "description": "Description of ",
                           "skillId": "3",
                           "rules": [
                              {
                                 "ruleName": "Ordered Sequence of Events (Operations)",
                                 "description": "This is a Standard Rule that allows monitoring that a sequence of operations or events or activities is performed fllowing a predefined order.",
                                 "ruleId": "2",
                                 "ruleType": "Standard",
                                 "paremters": [
                                    {
                                       "Event1": "Operation 1",
                                       "Event2": "Operation 2",
                                       "Event3": "Operation 3"
                                    }
                                 ]
                              },
                              {
                                 "ruleName": "Minimum number of established simultaneous connections",
                                 "description": "This is a Standard Rule that allows monitoring the Minimum Number of of established simultaneous connections a Component should have.",
                                 "ruleId": "2",
                                 "ruleType": "Standard",
                                 "paremters": [
                                    {
                                       "#minimum_number": "",
                                       "#PROBE_ID": ""
                                    }
                                 ]
                              }
                           ]
                        }
                     ]
                  }
               ]
            }
         ]
      },
      {
         "sosName": "SoS 2 Name",
         "description": "Description of SoS SoS 2 Name",
         "sosId": "2",
         "devices": [
            {
               "deviceName": "Device_1_1",
               "description": "Description of Device_1_1",
               "deviceId": "1",
               "components": [
                  {
                     "componentName": "Component_2_1_1",
                     "description": "Description of Component_2_1_1",
                     "componentId": "1",
                     "skills": [
                        {
                           "skillName": "Skill_1",
                           "description": "Description of Skill_1",
                           "skillId": "1",
                           "rules": [
                              {
                                 "ruleName": "Name of Rule 1",
                                 "description": "Description of Rule 1",
                                 "ruleId": "1",
                                 "ruleType": "Standard",
                                 "paremters": [
                                    {
                                       "#PARAMETR_1_Name": "par1Value",
                                       "#PARAMETR_2_Name": "par2Value"
                                    }
                                 ]
                              }
                           ]
                        }
                     ]
                  },
                  {
                     "componentName": "Component_2_1_2",
                     "description": "Description of Component_2_1_2",
                     "componentId": "2",
                     "skills": [
                        {
                           "skillName": "Skill_1_2",
                           "description": "Description of Skill_1_2",
                           "skillId": "1",
                           "rules": [
                              {
                                 "ruleName": "Name of Rule 1_2",
                                 "description": "Description of Rule 1_2",
                                 "ruleId": "1",
                                 "ruleType": "Standard",
                                 "paremters": [
                                    {
                                       "#PARAMETR_1_Name": "par1Value",
                                       "#PARAMETR_2_Name": "par2Value"
                                    }
                                 ]
                              }
                           ]
                        }
                     ]
                  },
                  {
                     "componentName": "Component_2_1_3",
                     "description": "Description of Component_2_1_3",
                     "componentId": "3",
                     "skills": [
                        {
                           "skillName": "Connectivity",
                           "description": "Description of Connectivity Skill",
                           "skillId": "1",
                           "rules": [
                              {
                                 "ruleName": "Maximum number of established simultaneous connections",
                                 "description": "This is a Standard Rule that allows monitoring the Maximum Number of of established simultaneous connections a Component should have.",
                                 "ruleId": "1",
                                 "ruleType": "Standard",
                                 "paremters": [
                                    {
                                       "#maximum_number": "",
                                       "#PROBE_ID": ""
                                    }
                                 ]
                              }
                           ]
                        }
                     ]
                  }
               ]
            },
            {
               "deviceName": "Device_2_2",
               "description": "Description of Device_2_2",
               "deviceId": "2",
               "components": [
                  {
                     "componentName": "Component_2_2_1",
                     "description": "Description of Component_2_2_1",
                     "componentId": "1",
                     "skills": [
                        {
                           "skillName": "Skill_1",
                           "description": "Description of Skill_1",
                           "skillId": "1",
                           "rules": [
                              {
                                 "ruleName": "Name of Rule 1",
                                 "description": "Description of Rule 1",
                                 "ruleId": "1",
                                 "ruleType": "Standard",
                                 "paremters": [
                                    {
                                       "#PARAMETR_1_Name": "par1Value",
                                       "#PARAMETR_2_Name": "par2Value"
                                    }
                                 ]
                              }
                           ]
                        }
                     ]
                  },
                  {
                     "componentName": "Component_2_2_2",
                     "description": "Description of Component_2_2_2",
                     "componentId": "2",
                     "skills": [
                        {
                           "skillName": "Skill_1_2",
                           "description": "Description of Skill_1_2",
                           "skillId": "1",
                           "rules": [
                              {
                                 "ruleName": "Name of Rule 1_2",
                                 "description": "Description of Rule 1_2",
                                 "ruleId": "1",
                                 "ruleType": "Standard",
                                 "paremters": [
                                    {
                                       "#PARAMETR_1_Name": "par1Value",
                                       "#PARAMETR_2_Name": "par2Value"
                                    }
                                 ]
                              }
                           ]
                        }
                     ]
                  },
                  {
                     "componentName": "Component_2_2_3",
                     "description": "Description of Component_2_2_3",
                     "componentId": "3",
                     "skills": [
                        {
                           "skillName": "Connectivity",
                           "description": "Description of Connectivity Skill",
                           "skillId": "1",
                           "rules": [
                              {
                                 "ruleName": "Maximum number of established simultaneous connections",
                                 "description": "This is a Standard Rule that allows monitoring the Maximum Number of of established simultaneous connections a Component should have.",
                                 "ruleId": "1",
                                 "ruleType": "Standard",
                                 "paremters": [
                                    {
                                       "#maximum_number": "",
                                       "#PROBE_ID": ""
                                    }
                                 ]
                              }, {
                                 "ruleName": "Maximum number of established simultaneous connections",
                                 "description": "This is a Standard Rule that allows monitoring the Maximum Number of of established simultaneous connections a Component should have.",
                                 "ruleId": "2",
                                 "ruleType": "Standard",
                                 "paremters": [
                                    {
                                       "#maximum_number": "",
                                       "#PROBE_ID": ""
                                    }
                                 ]
                              }
                           ]
                        },{
                           "skillName": "Connectivity 2",
                           "description": "Description of Connectivity 2 Skill",
                           "skillId": "2",
                           "rules": [
                              {
                                 "ruleName": "Maximum number of established simultaneous connections",
                                 "description": "This is a Standard Rule that allows monitoring the Maximum Number of of established simultaneous connections a Component should have.",
                                 "ruleId": "1",
                                 "ruleType": "Standard",
                                 "paremters": [
                                    {
                                       "#maximum_number": "",
                                       "#PROBE_ID": ""
                                    }
                                 ]
                              },
                              {
                                 "ruleName": "Ordered Sequence of Events (Operations)",
                                 "description": "This is a Standard Rule that allows monitoring that a sequence of operations or events or activities is performed fllowing a predefined order.",
                                 "ruleId": "2",
                                 "ruleType": "Standard",
                                 "paremters": [
                                    {
                                       "Event1": "Operation 1",
                                       "Event2": "Operation 2",
                                       "Event3": "Operation 3"
                                    }
                                 ]
                              }
                           ]
                        }
                     ]
                  }
               ]
            }
         ]
      }
   ]
}